dimension,auc_mean,auc_std,estimator
1,0.7208986928104575,0.09316506471925436,"DecisionTreeClassifier(ccp_alpha=0.01583734663477425, criterion='entropy',
                       max_depth=93, max_leaf_nodes=200, min_samples_leaf=6,
                       min_samples_split=3, random_state=42)"
2,0.6811397058823528,0.12254877730095871,"DecisionTreeClassifier(ccp_alpha=1.2619425629415188e-06, max_depth=140,
                       max_leaf_nodes=97, min_samples_leaf=7,
                       min_samples_split=14, random_state=42)"
3,0.6761683006535948,0.08498704404367853,"DecisionTreeClassifier(ccp_alpha=3.230824361824754e-07, max_depth=49,
                       max_leaf_nodes=147, min_samples_leaf=6,
                       min_samples_split=6, random_state=42)"
4,0.7621752450980391,0.06549833623692966,"DecisionTreeClassifier(ccp_alpha=3.786422898088522e-10, criterion='entropy',
                       max_depth=5, max_leaf_nodes=50, min_samples_leaf=10,
                       random_state=42)"
5,0.7712683823529412,0.05797592373364751,"DecisionTreeClassifier(ccp_alpha=0.0002941213973490763, max_depth=5,
                       max_leaf_nodes=50, min_samples_leaf=10, random_state=42)"
6,0.7665420751633987,0.06189048399786682,"DecisionTreeClassifier(ccp_alpha=1.4917899452707948e-07, max_depth=5,
                       max_leaf_nodes=200, min_samples_leaf=10,
                       min_samples_split=10, random_state=42)"
7,0.7430657679738563,0.09176900280313566,"DecisionTreeClassifier(ccp_alpha=0.0007164584230050725, criterion='entropy',
                       max_depth=5, max_leaf_nodes=200, min_samples_leaf=10,
                       random_state=42)"
8,0.7721323529411764,0.056324399253035465,"DecisionTreeClassifier(ccp_alpha=1.3840122148814035e-09, criterion='entropy',
                       max_depth=5, max_leaf_nodes=200, min_samples_leaf=9,
                       min_samples_split=28, random_state=42)"
9,0.7710049019607842,0.07069880403187484,"DecisionTreeClassifier(ccp_alpha=1e-10, criterion='entropy', max_depth=5,
                       max_leaf_nodes=108, min_samples_leaf=10,
                       min_samples_split=27, random_state=42)"
10,0.768108660130719,0.06902226546261901,"DecisionTreeClassifier(ccp_alpha=0.0010048707317079479, criterion='entropy',
                       max_depth=5, max_leaf_nodes=176, min_samples_leaf=10,
                       min_samples_split=30, random_state=42)"
11,0.7754983660130719,0.05944008926957951,"DecisionTreeClassifier(ccp_alpha=1e-10, criterion='entropy', max_depth=5,
                       max_leaf_nodes=200, min_samples_leaf=10,
                       random_state=42)"
12,0.7454656862745097,0.07062297733451876,"DecisionTreeClassifier(ccp_alpha=0.016025754037936973, criterion='entropy',
                       max_depth=5, max_leaf_nodes=199, min_samples_leaf=10,
                       min_samples_split=23, random_state=42)"
13,0.73328022875817,0.0934454057118556,"DecisionTreeClassifier(ccp_alpha=0.0021434574672999688, max_depth=106,
                       max_leaf_nodes=143, min_samples_leaf=9,
                       min_samples_split=30, random_state=42)"
14,0.7528696895424836,0.07347660665743906,"DecisionTreeClassifier(ccp_alpha=0.0009959652767276385, criterion='entropy',
                       max_depth=5, max_leaf_nodes=50, min_samples_leaf=10,
                       min_samples_split=24, random_state=42)"
15,0.7483026960784314,0.07517064829990171,"DecisionTreeClassifier(ccp_alpha=2.941955989459002e-09, criterion='entropy',
                       max_depth=5, max_leaf_nodes=50, min_samples_leaf=4,
                       min_samples_split=30, random_state=42)"
16,0.7306311274509802,0.09579095942824158,"DecisionTreeClassifier(ccp_alpha=0.00025291404768834424, criterion='entropy',
                       max_depth=5, max_leaf_nodes=91, min_samples_leaf=4,
                       min_samples_split=21, random_state=42)"
17,0.7231760620915033,0.11030652316535157,"DecisionTreeClassifier(ccp_alpha=4.122856949855767e-08, criterion='entropy',
                       max_depth=5, max_leaf_nodes=200, min_samples_split=30,
                       random_state=42)"
18,0.720392156862745,0.09665374837174721,"DecisionTreeClassifier(ccp_alpha=1.0756639023231623e-07, max_depth=150,
                       max_leaf_nodes=93, min_samples_leaf=4,
                       min_samples_split=30, random_state=42)"
19,0.7186928104575163,0.08730600301930252,"DecisionTreeClassifier(ccp_alpha=1.2399071847606836e-05, max_depth=62,
                       max_leaf_nodes=50, min_samples_leaf=5,
                       min_samples_split=30, random_state=42)"
20,0.7012520424836601,0.09885309475678752,"DecisionTreeClassifier(ccp_alpha=6.13197844149372e-05, criterion='entropy',
                       max_depth=97, max_leaf_nodes=84, min_samples_leaf=5,
                       random_state=42)"
21,0.7165584150326796,0.09176996053119761,"DecisionTreeClassifier(ccp_alpha=1.2583384696068421e-09, max_depth=121,
                       max_leaf_nodes=196, min_samples_leaf=3,
                       min_samples_split=30, random_state=42)"
22,0.7344485294117648,0.09824509811055282,"DecisionTreeClassifier(ccp_alpha=5.8085971523683985e-08, max_depth=5,
                       max_leaf_nodes=200, min_samples_leaf=4,
                       min_samples_split=30, random_state=42)"
23,0.728157679738562,0.0994608243278749,"DecisionTreeClassifier(ccp_alpha=1.5771690912369665e-08, max_depth=5,
                       max_leaf_nodes=50, min_samples_leaf=5,
                       min_samples_split=30, random_state=42)"
24,0.7486989379084968,0.10450917516378737,"DecisionTreeClassifier(ccp_alpha=0.00010418839127758576, max_depth=135,
                       max_leaf_nodes=90, min_samples_leaf=8,
                       min_samples_split=30, random_state=42)"
25,0.7297263071895423,0.09497544811651328,"DecisionTreeClassifier(ccp_alpha=1.0800863136216567e-09, max_depth=29,
                       max_leaf_nodes=189, min_samples_leaf=5,
                       min_samples_split=30, random_state=42)"
26,0.7598202614379085,0.10289567608915971,"DecisionTreeClassifier(ccp_alpha=1.2778595101328153e-09, criterion='entropy',
                       max_depth=5, max_leaf_nodes=50, min_samples_leaf=7,
                       random_state=42)"
27,0.76828227124183,0.10184867266595032,"DecisionTreeClassifier(ccp_alpha=8.349718417954273e-08, criterion='entropy',
                       max_depth=37, max_leaf_nodes=50, min_samples_leaf=6,
                       min_samples_split=23, random_state=42)"
28,0.7684191176470587,0.09367508157860543,"DecisionTreeClassifier(ccp_alpha=0.0036141429680426693, max_depth=137,
                       max_leaf_nodes=108, min_samples_leaf=4,
                       min_samples_split=25, random_state=42)"
29,0.774920343137255,0.12263652256281386,"DecisionTreeClassifier(ccp_alpha=0.0008371593337816519, criterion='entropy',
                       max_depth=5, max_leaf_nodes=200, min_samples_leaf=5,
                       min_samples_split=11, random_state=42)"
30,0.7754963235294118,0.10218040121334826,"DecisionTreeClassifier(ccp_alpha=1.2092218916676654e-09, criterion='entropy',
                       max_depth=146, max_leaf_nodes=191, min_samples_leaf=5,
                       min_samples_split=18, random_state=42)"
31,0.7559436274509803,0.11814772993510005,"DecisionTreeClassifier(ccp_alpha=0.018109223422017907, criterion='entropy',
                       max_depth=116, max_leaf_nodes=50, min_samples_leaf=8,
                       min_samples_split=18, random_state=42)"
32,0.7674795751633987,0.08803363023745063,"DecisionTreeClassifier(ccp_alpha=0.0036141429680426693, max_depth=137,
                       max_leaf_nodes=108, min_samples_leaf=4,
                       min_samples_split=25, random_state=42)"
33,0.7613051470588235,0.09810236394325308,"DecisionTreeClassifier(ccp_alpha=1e-10, criterion='entropy', max_depth=29,
                       max_leaf_nodes=165, min_samples_leaf=5,
                       min_samples_split=23, random_state=42)"
34,0.7523386437908497,0.07936160150185276,"DecisionTreeClassifier(ccp_alpha=0.001829452894804325, max_depth=150,
                       max_leaf_nodes=69, min_samples_leaf=10, random_state=42)"
35,0.7578615196078432,0.09528158054042651,"DecisionTreeClassifier(ccp_alpha=2.809177156136657e-05, max_depth=77,
                       max_leaf_nodes=169, min_samples_leaf=5,
                       min_samples_split=30, random_state=42)"
36,0.766141748366013,0.08430394497381474,"DecisionTreeClassifier(ccp_alpha=0.0004013757871588433, max_depth=136,
                       max_leaf_nodes=162, min_samples_leaf=10,
                       min_samples_split=8, random_state=42)"
37,0.7707577614379084,0.07595463495462569,"DecisionTreeClassifier(ccp_alpha=0.0013432589975008813, max_depth=150,
                       max_leaf_nodes=129, min_samples_leaf=10,
                       random_state=42)"
38,0.754123774509804,0.0945544432455121,"DecisionTreeClassifier(ccp_alpha=0.00012920934689907506, max_depth=90,
                       max_leaf_nodes=81, min_samples_leaf=5,
                       min_samples_split=30, random_state=42)"
39,0.7744117647058824,0.06589387636377476,"DecisionTreeClassifier(ccp_alpha=1e-10, max_depth=150, max_leaf_nodes=200,
                       min_samples_leaf=10, min_samples_split=11,
                       random_state=42)"
40,0.7626286764705882,0.08183829587839768,"DecisionTreeClassifier(ccp_alpha=1.2141572451084272e-08, max_depth=6,
                       max_leaf_nodes=192, min_samples_leaf=10,
                       random_state=42)"
41,0.7493382352941176,0.1352053031123588,"DecisionTreeClassifier(ccp_alpha=1.582466853827993e-05, criterion='entropy',
                       max_depth=72, max_leaf_nodes=135, min_samples_leaf=8,
                       min_samples_split=24, random_state=42)"
42,0.741296977124183,0.13595649900277876,"DecisionTreeClassifier(ccp_alpha=5.388575186576316e-10, max_depth=54,
                       max_leaf_nodes=140, min_samples_leaf=10,
                       min_samples_split=3, random_state=42)"
43,0.7301858660130719,0.13612504686996407,"DecisionTreeClassifier(ccp_alpha=0.000996772348239499, max_depth=124,
                       max_leaf_nodes=200, min_samples_leaf=10,
                       random_state=42)"
44,0.7418831699346405,0.1351206926918958,"DecisionTreeClassifier(ccp_alpha=0.000488817393606816, max_depth=13,
                       max_leaf_nodes=83, min_samples_leaf=10,
                       min_samples_split=22, random_state=42)"
45,0.7332291666666666,0.13406936318182122,"DecisionTreeClassifier(ccp_alpha=0.00021879788013558324, max_depth=135,
                       max_leaf_nodes=137, min_samples_leaf=10,
                       random_state=42)"
46,0.7230167483660132,0.14046748166295817,"DecisionTreeClassifier(ccp_alpha=0.0011348137898802076, max_depth=141,
                       max_leaf_nodes=200, min_samples_leaf=10,
                       min_samples_split=10, random_state=42)"
47,0.7404187091503268,0.12991798380300848,"DecisionTreeClassifier(ccp_alpha=1.576432943101517e-08, max_depth=6,
                       max_leaf_nodes=67, min_samples_leaf=10, random_state=42)"
48,0.7324959150326797,0.1209341811729145,"DecisionTreeClassifier(ccp_alpha=3.653493296404054e-10, max_depth=16,
                       max_leaf_nodes=195, min_samples_leaf=9, random_state=42)"
49,0.7496446078431374,0.12047444882713804,"DecisionTreeClassifier(ccp_alpha=2.2384894247885764e-05, max_depth=147,
                       max_leaf_nodes=74, min_samples_leaf=10, random_state=42)"
50,0.7535049019607843,0.11387210206973059,"DecisionTreeClassifier(ccp_alpha=0.0002902224644384953, max_depth=150,
                       max_leaf_nodes=86, min_samples_leaf=10,
                       min_samples_split=4, random_state=42)"
51,0.7445241013071895,0.13976304600171555,"DecisionTreeClassifier(ccp_alpha=1.750791541859497e-10, criterion='entropy',
                       max_depth=9, max_leaf_nodes=200, min_samples_leaf=10,
                       min_samples_split=21, random_state=42)"
52,0.739111519607843,0.12786337032915202,"DecisionTreeClassifier(ccp_alpha=0.0011459148341028745, criterion='entropy',
                       max_depth=125, max_leaf_nodes=130, min_samples_leaf=10,
                       random_state=42)"
53,0.743700980392157,0.12928683928470963,"DecisionTreeClassifier(ccp_alpha=3.192560857539856e-08, max_depth=132,
                       max_leaf_nodes=169, min_samples_leaf=10,
                       random_state=42)"
54,0.7508496732026144,0.1138792750370676,"DecisionTreeClassifier(ccp_alpha=1e-10, max_depth=33, max_leaf_nodes=71,
                       min_samples_leaf=10, min_samples_split=21,
                       random_state=42)"
55,0.7491339869281045,0.11488621062221356,"DecisionTreeClassifier(ccp_alpha=7.43790859018934e-10, max_depth=150,
                       max_leaf_nodes=50, min_samples_leaf=10, random_state=42)"
56,0.7390706699346405,0.13540571458350975,"DecisionTreeClassifier(ccp_alpha=2.432350099689376e-07, criterion='entropy',
                       max_depth=150, max_leaf_nodes=170, min_samples_leaf=10,
                       min_samples_split=5, random_state=42)"
57,0.7372263071895425,0.11908044514250461,"DecisionTreeClassifier(ccp_alpha=1.8091554295144403e-10, max_depth=117,
                       max_leaf_nodes=50, min_samples_leaf=10,
                       min_samples_split=4, random_state=42)"
58,0.7467095588235294,0.12230174687382575,"DecisionTreeClassifier(ccp_alpha=0.00048817559459858693, criterion='entropy',
                       max_depth=150, max_leaf_nodes=50, min_samples_leaf=10,
                       min_samples_split=3, random_state=42)"
59,0.7416074346405229,0.11815607379177079,"DecisionTreeClassifier(ccp_alpha=0.0014409411166025742, criterion='entropy',
                       max_depth=150, max_leaf_nodes=196, min_samples_leaf=10,
                       min_samples_split=18, random_state=42)"
60,0.7284232026143791,0.11974400208747975,"DecisionTreeClassifier(ccp_alpha=0.00018710580173601554, max_depth=150,
                       max_leaf_nodes=200, min_samples_leaf=10,
                       random_state=42)"
61,0.7279738562091503,0.12594536412316062,"DecisionTreeClassifier(ccp_alpha=1.4098355979257518e-10, max_depth=150,
                       max_leaf_nodes=50, min_samples_leaf=10,
                       min_samples_split=10, random_state=42)"
62,0.7368178104575164,0.11467509265287992,"DecisionTreeClassifier(ccp_alpha=1e-10, max_depth=61, max_leaf_nodes=196,
                       min_samples_leaf=10, min_samples_split=10,
                       random_state=42)"
63,0.72875,0.13542006373956486,"DecisionTreeClassifier(ccp_alpha=2.2491727636250286e-07, max_depth=150,
                       max_leaf_nodes=200, min_samples_leaf=10,
                       random_state=42)"
64,0.7480514705882353,0.12225599233153799,"DecisionTreeClassifier(ccp_alpha=1e-10, max_depth=123, max_leaf_nodes=200,
                       min_samples_leaf=10, random_state=42)"
65,0.7560375816993464,0.12310643626564682,"DecisionTreeClassifier(ccp_alpha=8.442631052828662e-08, max_depth=150,
                       max_leaf_nodes=50, min_samples_leaf=10, random_state=42)"
66,0.7413316993464052,0.11268777226196776,"DecisionTreeClassifier(ccp_alpha=4.3210067154706603e-07, max_depth=80,
                       max_leaf_nodes=61, min_samples_leaf=10,
                       min_samples_split=20, random_state=42)"
67,0.7425980392156861,0.11362904730203675,"DecisionTreeClassifier(ccp_alpha=3.233249699571172e-05, max_depth=43,
                       max_leaf_nodes=199, min_samples_leaf=10,
                       min_samples_split=25, random_state=42)"
68,0.7474999999999999,0.11689624137040981,"DecisionTreeClassifier(ccp_alpha=1e-10, max_depth=115, max_leaf_nodes=60,
                       min_samples_leaf=10, min_samples_split=13,
                       random_state=42)"
69,0.7425551470588235,0.10648032142323491,"DecisionTreeClassifier(ccp_alpha=1e-10, max_depth=8, max_leaf_nodes=143,
                       min_samples_leaf=10, random_state=42)"
70,0.7342136437908496,0.10966269895032649,"DecisionTreeClassifier(ccp_alpha=4.3908649580466694e-05, max_depth=120,
                       max_leaf_nodes=137, min_samples_leaf=10,
                       min_samples_split=30, random_state=42)"
71,0.748343545751634,0.10193905378929094,"DecisionTreeClassifier(ccp_alpha=0.0011965245077122484, max_depth=150,
                       max_leaf_nodes=50, min_samples_leaf=10,
                       min_samples_split=10, random_state=42)"
72,0.7453737745098039,0.10091184044241672,"DecisionTreeClassifier(ccp_alpha=1e-10, max_depth=73, max_leaf_nodes=74,
                       min_samples_leaf=10, random_state=42)"
73,0.7388255718954249,0.11228093482996762,"DecisionTreeClassifier(ccp_alpha=2.5935558279145362e-08, max_depth=146,
                       max_leaf_nodes=118, min_samples_leaf=10,
                       random_state=42)"
74,0.7399489379084967,0.09471269534231064,"DecisionTreeClassifier(ccp_alpha=0.0010722936656241788, max_depth=150,
                       max_leaf_nodes=175, min_samples_leaf=10,
                       min_samples_split=21, random_state=42)"
75,0.7468321078431372,0.10800992347038664,"DecisionTreeClassifier(ccp_alpha=7.922983560643285e-05, max_depth=7,
                       max_leaf_nodes=50, min_samples_leaf=10, random_state=42)"
76,0.7339562908496733,0.10148811773088177,"DecisionTreeClassifier(ccp_alpha=1.0799521955645678e-08, max_depth=80,
                       max_leaf_nodes=164, min_samples_leaf=10,
                       random_state=42)"
77,0.7465093954248365,0.10237913700164505,"DecisionTreeClassifier(ccp_alpha=4.889770904777728e-07, max_depth=20,
                       max_leaf_nodes=122, min_samples_leaf=10,
                       min_samples_split=30, random_state=42)"
78,0.7542258986928104,0.09582580756076754,"DecisionTreeClassifier(ccp_alpha=0.00018133643074032068, max_depth=150,
                       max_leaf_nodes=200, min_samples_leaf=10,
                       min_samples_split=30, random_state=42)"
79,0.7488419117647058,0.09579766596295343,"DecisionTreeClassifier(ccp_alpha=1.0635780997135748e-08, max_depth=150,
                       max_leaf_nodes=50, min_samples_leaf=10,
                       min_samples_split=30, random_state=42)"
80,0.75250204248366,0.11758636482538765,"DecisionTreeClassifier(ccp_alpha=5.78125267119735e-07, max_depth=150,
                       max_leaf_nodes=160, min_samples_leaf=10,
                       min_samples_split=30, random_state=42)"
81,0.7518566176470588,0.10658977895074064,"DecisionTreeClassifier(ccp_alpha=0.00018743031398460626, max_depth=150,
                       max_leaf_nodes=200, min_samples_leaf=8,
                       min_samples_split=30, random_state=42)"
82,0.7549448529411764,0.10465364129937792,"DecisionTreeClassifier(ccp_alpha=0.0008930821624953525, max_depth=17,
                       max_leaf_nodes=200, min_samples_leaf=10,
                       random_state=42)"
83,0.7497528594771242,0.09953179778652851,"DecisionTreeClassifier(ccp_alpha=1.853920590111156e-05, max_depth=61,
                       max_leaf_nodes=184, min_samples_leaf=10,
                       min_samples_split=30, random_state=42)"
84,0.7571303104575163,0.10287710864297107,"DecisionTreeClassifier(ccp_alpha=0.0008899950605949658, max_depth=90,
                       max_leaf_nodes=200, min_samples_leaf=10,
                       random_state=42)"
85,0.751280637254902,0.10076856721219407,"DecisionTreeClassifier(ccp_alpha=1.346038346794353e-06, max_depth=6,
                       max_leaf_nodes=200, min_samples_leaf=10,
                       min_samples_split=30, random_state=42)"
86,0.7526776960784313,0.0923122965151459,"DecisionTreeClassifier(ccp_alpha=0.001842478841391739, max_depth=150,
                       max_leaf_nodes=50, min_samples_leaf=10,
                       min_samples_split=6, random_state=42)"
87,0.7574938725490196,0.09454753380525989,"DecisionTreeClassifier(ccp_alpha=0.00015551737505803873, max_depth=150,
                       max_leaf_nodes=200, min_samples_leaf=10,
                       min_samples_split=30, random_state=42)"
88,0.7512928921568628,0.09884567547134039,"DecisionTreeClassifier(ccp_alpha=0.00022306808971338365, max_depth=40,
                       max_leaf_nodes=170, min_samples_leaf=10,
                       min_samples_split=30, random_state=42)"
89,0.749499591503268,0.11184781558168855,"DecisionTreeClassifier(ccp_alpha=1e-10, max_depth=150, max_leaf_nodes=200,
                       min_samples_leaf=8, min_samples_split=30,
                       random_state=42)"
90,0.7635110294117646,0.10855369331272972,"DecisionTreeClassifier(ccp_alpha=0.0001362786348833529, max_depth=84,
                       max_leaf_nodes=50, min_samples_leaf=9,
                       min_samples_split=26, random_state=42)"
91,0.7537234477124184,0.10566988460092469,"DecisionTreeClassifier(ccp_alpha=3.1600347651065924e-06, max_depth=109,
                       max_leaf_nodes=132, min_samples_leaf=9,
                       min_samples_split=30, random_state=42)"
92,0.7560600490196079,0.10792507241050393,"DecisionTreeClassifier(ccp_alpha=1.4536506114995985e-08, max_depth=150,
                       max_leaf_nodes=200, min_samples_leaf=9, random_state=42)"
93,0.7451531862745098,0.11394265185247056,"DecisionTreeClassifier(ccp_alpha=9.537506470667586e-05, max_depth=150,
                       max_leaf_nodes=200, min_samples_leaf=10,
                       min_samples_split=18, random_state=42)"
94,0.7574652777777777,0.10064909409849171,"DecisionTreeClassifier(ccp_alpha=1.8303365316791958e-06, max_depth=150,
                       max_leaf_nodes=50, min_samples_leaf=9,
                       min_samples_split=26, random_state=42)"
95,0.7482904411764706,0.10820040024569445,"DecisionTreeClassifier(ccp_alpha=0.0009347644243718024, max_depth=150,
                       max_leaf_nodes=50, min_samples_leaf=9,
                       min_samples_split=30, random_state=42)"
96,0.7568116830065359,0.10683245928798389,"DecisionTreeClassifier(ccp_alpha=1e-10, max_depth=150, max_leaf_nodes=67,
                       min_samples_leaf=9, min_samples_split=30,
                       random_state=42)"
97,0.7569546568627451,0.09608165797795684,"DecisionTreeClassifier(ccp_alpha=5.0756737600616956e-08, max_depth=150,
                       max_leaf_nodes=50, min_samples_leaf=9,
                       min_samples_split=30, random_state=42)"
98,0.7438051470588236,0.09832439971303819,"DecisionTreeClassifier(ccp_alpha=4.100458494138938e-08, max_depth=150,
                       max_leaf_nodes=68, min_samples_leaf=9,
                       min_samples_split=30, random_state=42)"
99,0.7514767156862745,0.1069703031752857,"DecisionTreeClassifier(ccp_alpha=0.0010124143919801479, max_depth=150,
                       max_leaf_nodes=50, min_samples_leaf=9,
                       min_samples_split=30, random_state=42)"
100,0.7460437091503268,0.10287567703084598,"DecisionTreeClassifier(ccp_alpha=1.7439536542788586e-08, max_depth=150,
                       max_leaf_nodes=200, min_samples_leaf=9,
                       min_samples_split=30, random_state=42)"
101,0.7459538398692811,0.10874656881959875,"DecisionTreeClassifier(ccp_alpha=2.10340722500647e-09, max_depth=150,
                       max_leaf_nodes=50, min_samples_leaf=9,
                       min_samples_split=30, random_state=42)"
102,0.7587847222222223,0.10516717641444613,"DecisionTreeClassifier(ccp_alpha=0.0022152148146031177, max_depth=150,
                       max_leaf_nodes=184, min_samples_leaf=10,
                       min_samples_split=17, random_state=42)"
103,0.7507332516339869,0.10121161158613316,"DecisionTreeClassifier(ccp_alpha=5.5093536730132875e-05, max_depth=111,
                       max_leaf_nodes=164, min_samples_leaf=9,
                       min_samples_split=30, random_state=42)"
104,0.7542871732026144,0.10780546481982846,"DecisionTreeClassifier(ccp_alpha=1.9098060782953433e-09, max_depth=145,
                       max_leaf_nodes=114, min_samples_leaf=9,
                       min_samples_split=29, random_state=42)"
105,0.7426940359477123,0.12007311973653906,"DecisionTreeClassifier(ccp_alpha=0.0015702351787826052, max_depth=150,
                       max_leaf_nodes=187, min_samples_leaf=10,
                       min_samples_split=30, random_state=42)"
106,0.7523141339869281,0.1071664063879547,"DecisionTreeClassifier(ccp_alpha=0.0025239874414685697, max_depth=150,
                       max_leaf_nodes=200, min_samples_leaf=9,
                       min_samples_split=30, random_state=42)"
107,0.7425837418300654,0.12005429585589207,"DecisionTreeClassifier(ccp_alpha=0.00018815486776961393, max_depth=150,
                       max_leaf_nodes=50, min_samples_leaf=10,
                       min_samples_split=30, random_state=42)"
108,0.7375183823529412,0.1122102135311391,"DecisionTreeClassifier(ccp_alpha=1e-10, max_depth=66, max_leaf_nodes=186,
                       min_samples_leaf=8, min_samples_split=30,
                       random_state=42)"
109,0.7537152777777778,0.10766737619662463,"DecisionTreeClassifier(ccp_alpha=1.2238741164026105e-09, max_depth=28,
                       max_leaf_nodes=176, min_samples_leaf=9,
                       min_samples_split=28, random_state=42)"
110,0.7486254084967321,0.11141915472123798,"DecisionTreeClassifier(ccp_alpha=5.132055065303968e-07, max_depth=13,
                       max_leaf_nodes=198, min_samples_leaf=10,
                       min_samples_split=27, random_state=42)"
111,0.7422610294117649,0.09543980625966238,"DecisionTreeClassifier(ccp_alpha=3.3635162419816625e-10, max_depth=103,
                       max_leaf_nodes=108, min_samples_leaf=9,
                       min_samples_split=30, random_state=42)"
112,0.7288623366013072,0.12003539381513402,"DecisionTreeClassifier(ccp_alpha=2.21059318009033e-09, max_depth=93,
                       max_leaf_nodes=200, min_samples_leaf=10,
                       min_samples_split=30, random_state=42)"
113,0.745,0.0991649425383501,"DecisionTreeClassifier(ccp_alpha=1e-10, max_depth=150, max_leaf_nodes=50,
                       min_samples_leaf=10, min_samples_split=11,
                       random_state=42)"
114,0.7279554738562093,0.11622720993062036,"DecisionTreeClassifier(ccp_alpha=0.001217956781110799, max_depth=18,
                       max_leaf_nodes=175, min_samples_leaf=10,
                       min_samples_split=23, random_state=42)"
115,0.7447610294117647,0.09775485604961508,"DecisionTreeClassifier(ccp_alpha=2.433361611223324e-07, max_depth=68,
                       max_leaf_nodes=186, min_samples_leaf=9,
                       min_samples_split=26, random_state=42)"
116,0.7330085784313727,0.09008906782908266,"DecisionTreeClassifier(ccp_alpha=0.0018192722228573392, max_depth=150,
                       max_leaf_nodes=200, min_samples_leaf=9,
                       min_samples_split=30, random_state=42)"
117,0.7439133986928105,0.10074616855521236,"DecisionTreeClassifier(ccp_alpha=3.55156424663353e-05, max_depth=150,
                       max_leaf_nodes=50, min_samples_leaf=10, random_state=42)"
118,0.7277593954248365,0.09251615663807804,"DecisionTreeClassifier(ccp_alpha=1.0169517106727337e-08, max_depth=82,
                       max_leaf_nodes=158, min_samples_leaf=10,
                       random_state=42)"
119,0.7519342320261437,0.0971568296182814,"DecisionTreeClassifier(ccp_alpha=1e-10, max_depth=19, max_leaf_nodes=172,
                       min_samples_leaf=9, min_samples_split=30,
                       random_state=42)"
120,0.7306638071895425,0.10910319886800719,"DecisionTreeClassifier(ccp_alpha=1.3545918949866582e-05, max_depth=150,
                       max_leaf_nodes=167, min_samples_leaf=10,
                       random_state=42)"
121,0.7409089052287582,0.09080522657829505,"DecisionTreeClassifier(ccp_alpha=7.935196611375008e-08, max_depth=88,
                       max_leaf_nodes=50, min_samples_leaf=9,
                       min_samples_split=30, random_state=42)"
122,0.735202205882353,0.09477985211425134,"DecisionTreeClassifier(ccp_alpha=1.1605650846610069e-05, max_depth=150,
                       max_leaf_nodes=200, min_samples_leaf=9,
                       min_samples_split=30, random_state=42)"
123,0.7386948529411764,0.08681905952728464,"DecisionTreeClassifier(ccp_alpha=5.780325122336245e-06, max_depth=150,
                       max_leaf_nodes=50, min_samples_leaf=9,
                       min_samples_split=30, random_state=42)"
124,0.7455902777777779,0.09753652974341843,"DecisionTreeClassifier(ccp_alpha=4.970656065479662e-10, max_depth=150,
                       max_leaf_nodes=167, min_samples_leaf=9,
                       min_samples_split=30, random_state=42)"
125,0.7295567810457516,0.1108714188427163,"DecisionTreeClassifier(ccp_alpha=0.0006779048498592923, max_depth=150,
                       max_leaf_nodes=200, min_samples_leaf=10,
                       min_samples_split=30, random_state=42)"
126,0.738498774509804,0.10147954732509787,"DecisionTreeClassifier(ccp_alpha=1e-10, max_depth=150, max_leaf_nodes=50,
                       min_samples_leaf=9, min_samples_split=30,
                       random_state=42)"
127,0.7382455065359478,0.10633390864656353,"DecisionTreeClassifier(ccp_alpha=6.201630395819491e-08, max_depth=150,
                       max_leaf_nodes=50, min_samples_leaf=9,
                       min_samples_split=30, random_state=42)"
128,0.7333558006535947,0.10504661668760772,"DecisionTreeClassifier(ccp_alpha=0.001798076919389343, max_depth=150,
                       max_leaf_nodes=50, min_samples_leaf=9,
                       min_samples_split=30, random_state=42)"
129,0.7240522875816995,0.11932926072503898,"DecisionTreeClassifier(ccp_alpha=0.0017760380022069308, max_depth=150,
                       max_leaf_nodes=200, min_samples_leaf=10,
                       random_state=42)"
130,0.7285355392156863,0.11194798215821417,"DecisionTreeClassifier(ccp_alpha=3.990874710694717e-06, max_depth=150,
                       max_leaf_nodes=67, min_samples_leaf=10,
                       min_samples_split=30, random_state=42)"
131,0.7368035130718954,0.0969585492458362,"DecisionTreeClassifier(ccp_alpha=5.7275277512235605e-08, max_depth=150,
                       max_leaf_nodes=200, min_samples_leaf=9,
                       min_samples_split=30, random_state=42)"
132,0.7402471405228758,0.11098048103809581,"DecisionTreeClassifier(ccp_alpha=4.541907544018722e-06, max_depth=150,
                       max_leaf_nodes=200, min_samples_leaf=10,
                       min_samples_split=30, random_state=42)"
133,0.7441319444444444,0.10771262095701163,"DecisionTreeClassifier(ccp_alpha=1e-10, max_depth=150, max_leaf_nodes=50,
                       min_samples_leaf=9, min_samples_split=26,
                       random_state=42)"
134,0.7279125816993464,0.12711896780607887,"DecisionTreeClassifier(ccp_alpha=0.0010752253891937508, max_depth=150,
                       max_leaf_nodes=190, min_samples_leaf=10,
                       random_state=42)"
135,0.7240625,0.11290742170731119,"DecisionTreeClassifier(ccp_alpha=0.0029507203215067166, max_depth=150,
                       max_leaf_nodes=200, min_samples_leaf=10,
                       random_state=42)"
136,0.7324714052287581,0.1028166092106275,"DecisionTreeClassifier(ccp_alpha=0.0012160902386933485, criterion='entropy',
                       max_depth=5, max_leaf_nodes=146, min_samples_leaf=10,
                       min_samples_split=4, random_state=42)"
137,0.740906862745098,0.11547539232468002,"DecisionTreeClassifier(ccp_alpha=1.0312044864491532e-10, max_depth=5,
                       max_leaf_nodes=172, min_samples_leaf=10,
                       min_samples_split=30, random_state=42)"
138,0.7434803921568627,0.10083932291833067,"DecisionTreeClassifier(ccp_alpha=0.0010755454246631619, criterion='entropy',
                       max_depth=5, max_leaf_nodes=200, min_samples_leaf=10,
                       random_state=42)"
139,0.7435580065359477,0.12785402566475756,"DecisionTreeClassifier(ccp_alpha=5.7804356049895815e-05, max_depth=5,
                       max_leaf_nodes=50, min_samples_leaf=10,
                       min_samples_split=23, random_state=42)"
140,0.7391462418300654,0.11379143662177856,"DecisionTreeClassifier(ccp_alpha=1e-10, max_depth=5, max_leaf_nodes=50,
                       min_samples_leaf=10, min_samples_split=30,
                       random_state=42)"
141,0.7412540849673203,0.11982115308886836,"DecisionTreeClassifier(ccp_alpha=0.001182117735547055, max_depth=5,
                       max_leaf_nodes=200, min_samples_leaf=10,
                       min_samples_split=30, random_state=42)"
142,0.7487928921568627,0.1161951115858338,"DecisionTreeClassifier(ccp_alpha=1e-10, max_depth=150, max_leaf_nodes=200,
                       min_samples_leaf=10, min_samples_split=30,
                       random_state=42)"
143,0.7307312091503269,0.1221566636464918,"DecisionTreeClassifier(ccp_alpha=0.006239403310027346, max_depth=5,
                       max_leaf_nodes=163, min_samples_leaf=10,
                       random_state=42)"
144,0.7479697712418301,0.1317945169079733,"DecisionTreeClassifier(ccp_alpha=7.212973405382958e-07, max_depth=5,
                       max_leaf_nodes=200, min_samples_leaf=10,
                       random_state=42)"
145,0.7526062091503267,0.12401308168048639,"DecisionTreeClassifier(ccp_alpha=5.499837416340578e-08, max_depth=150,
                       max_leaf_nodes=50, min_samples_leaf=10, random_state=42)"
146,0.7319566993464053,0.11924715116570156,"DecisionTreeClassifier(ccp_alpha=8.848732188715279e-09, max_depth=5,
                       max_leaf_nodes=200, min_samples_leaf=10,
                       random_state=42)"
147,0.7435375816993464,0.11609969523348329,"DecisionTreeClassifier(ccp_alpha=0.000143942685836961, max_depth=5,
                       max_leaf_nodes=119, min_samples_leaf=10,
                       random_state=42)"
148,0.7451960784313725,0.10791587496746921,"DecisionTreeClassifier(ccp_alpha=2.7112532753817665e-09, criterion='entropy',
                       max_depth=5, max_leaf_nodes=55, min_samples_leaf=10,
                       min_samples_split=12, random_state=42)"
149,0.7294015522875815,0.09362558904464566,"DecisionTreeClassifier(ccp_alpha=1e-10, criterion='entropy', max_depth=18,
                       max_leaf_nodes=58, min_samples_leaf=10,
                       min_samples_split=27, random_state=42)"
150,0.7471323529411765,0.1166261629632129,"DecisionTreeClassifier(ccp_alpha=1e-10, max_depth=5, max_leaf_nodes=200,
                       min_samples_leaf=10, min_samples_split=17,
                       random_state=42)"
151,0.7488929738562091,0.13495232034035282,"DecisionTreeClassifier(ccp_alpha=0.0021281548140533865, max_depth=5,
                       max_leaf_nodes=200, min_samples_leaf=10,
                       random_state=42)"
152,0.7444607843137254,0.12535332582819453,"DecisionTreeClassifier(ccp_alpha=6.87601434407423e-09, max_depth=5,
                       max_leaf_nodes=50, min_samples_leaf=10,
                       min_samples_split=4, random_state=42)"
153,0.740375816993464,0.12905545290119935,"DecisionTreeClassifier(ccp_alpha=9.362121656872256e-10, max_depth=5,
                       max_leaf_nodes=200, min_samples_leaf=10,
                       random_state=42)"
154,0.7495669934640523,0.09433305137874828,"DecisionTreeClassifier(ccp_alpha=0.000310279075790407, criterion='entropy',
                       max_depth=5, max_leaf_nodes=50, min_samples_leaf=10,
                       random_state=42)"
155,0.7471160130718953,0.11068912442226664,"DecisionTreeClassifier(ccp_alpha=2.185892782376298e-09, criterion='entropy',
                       max_depth=5, max_leaf_nodes=50, min_samples_leaf=10,
                       random_state=42)"
156,0.7418872549019607,0.12394072674207758,"DecisionTreeClassifier(ccp_alpha=3.7462618012159733e-06, max_depth=5,
                       max_leaf_nodes=136, min_samples_leaf=10,
                       min_samples_split=28, random_state=42)"
157,0.7452226307189542,0.09915374223120235,"DecisionTreeClassifier(ccp_alpha=0.0002595564792880639, criterion='entropy',
                       max_depth=5, max_leaf_nodes=200, min_samples_leaf=10,
                       min_samples_split=9, random_state=42)"
158,0.7390236928104575,0.12084089546495588,"DecisionTreeClassifier(ccp_alpha=0.0017376173700240386, max_depth=5,
                       max_leaf_nodes=134, min_samples_leaf=10,
                       min_samples_split=29, random_state=42)"
159,0.7429554738562091,0.11117373105150954,"DecisionTreeClassifier(ccp_alpha=6.012952230956265e-07, criterion='entropy',
                       max_depth=5, max_leaf_nodes=200, min_samples_leaf=10,
                       random_state=42)"
160,0.7371282679738562,0.10359229937219705,"DecisionTreeClassifier(ccp_alpha=1.3380400121946461e-09, criterion='entropy',
                       max_depth=5, max_leaf_nodes=66, min_samples_leaf=10,
                       random_state=42)"
161,0.7388909313725491,0.10609235992059733,"DecisionTreeClassifier(ccp_alpha=0.001580805851627979, criterion='entropy',
                       max_depth=5, max_leaf_nodes=139, min_samples_leaf=10,
                       random_state=42)"
162,0.7321527777777777,0.09298607342524762,"DecisionTreeClassifier(ccp_alpha=0.003308359580141882, criterion='entropy',
                       max_depth=131, max_leaf_nodes=177, min_samples_leaf=10,
                       min_samples_split=27, random_state=42)"
163,0.7346323529411765,0.12147569158975115,"DecisionTreeClassifier(ccp_alpha=0.0002769025647113494, max_depth=150,
                       max_leaf_nodes=124, min_samples_leaf=10,
                       min_samples_split=28, random_state=42)"
164,0.7354493464052287,0.11949034233232718,"DecisionTreeClassifier(ccp_alpha=2.1180989750335364e-09, max_depth=5,
                       max_leaf_nodes=200, min_samples_leaf=10,
                       min_samples_split=28, random_state=42)"
165,0.7328553921568628,0.11233096249959529,"DecisionTreeClassifier(ccp_alpha=1.1920763769939517e-05, max_depth=5,
                       max_leaf_nodes=52, min_samples_leaf=10, random_state=42)"
166,0.7430106209150328,0.11922709582442743,"DecisionTreeClassifier(ccp_alpha=3.5192317276701095e-06, max_depth=5,
                       max_leaf_nodes=50, min_samples_leaf=10, random_state=42)"
167,0.7391258169934641,0.11384576703070858,"DecisionTreeClassifier(ccp_alpha=3.079967009366516e-05, max_depth=5,
                       max_leaf_nodes=200, min_samples_leaf=10,
                       random_state=42)"
168,0.7339624183006535,0.10968114312119238,"DecisionTreeClassifier(ccp_alpha=2.9828941244722074e-10, criterion='entropy',
                       max_depth=5, max_leaf_nodes=200, min_samples_leaf=10,
                       min_samples_split=30, random_state=42)"
169,0.743705065359477,0.12167236339218673,"DecisionTreeClassifier(ccp_alpha=0.00014912450204354713, max_depth=5,
                       max_leaf_nodes=200, min_samples_leaf=10,
                       min_samples_split=30, random_state=42)"
170,0.747408088235294,0.10126200287668063,"DecisionTreeClassifier(ccp_alpha=0.0010592196819595638, criterion='entropy',
                       max_depth=5, max_leaf_nodes=200, min_samples_leaf=10,
                       min_samples_split=17, random_state=42)"
171,0.7268361928104575,0.11031158950286912,"DecisionTreeClassifier(ccp_alpha=1e-10, max_depth=5, max_leaf_nodes=62,
                       min_samples_leaf=10, random_state=42)"
172,0.7338153594771242,0.09742312171386393,"DecisionTreeClassifier(ccp_alpha=1.8761380703781096e-09, criterion='entropy',
                       max_depth=5, max_leaf_nodes=50, min_samples_leaf=10,
                       random_state=42)"
173,0.7280739379084966,0.099027604404111,"DecisionTreeClassifier(ccp_alpha=5.687496949418849e-10, criterion='entropy',
                       max_depth=5, max_leaf_nodes=200, min_samples_leaf=10,
                       min_samples_split=30, random_state=42)"
174,0.7261683006535948,0.1096665838181713,"DecisionTreeClassifier(ccp_alpha=0.0006210742776673795, criterion='entropy',
                       max_depth=5, max_leaf_nodes=200, min_samples_leaf=10,
                       random_state=42)"
175,0.7196058006535948,0.11448746850836997,"DecisionTreeClassifier(ccp_alpha=5.375583318086557e-10, max_depth=5,
                       max_leaf_nodes=200, min_samples_leaf=10,
                       min_samples_split=30, random_state=42)"
176,0.7225919117647058,0.08594648558455055,"DecisionTreeClassifier(ccp_alpha=2.6237089548575235e-10, criterion='entropy',
                       max_depth=5, max_leaf_nodes=50, min_samples_leaf=10,
                       random_state=42)"
177,0.7235498366013072,0.11363158264647005,"DecisionTreeClassifier(ccp_alpha=7.203630121289999e-05, max_depth=150,
                       max_leaf_nodes=200, min_samples_leaf=10,
                       min_samples_split=30, random_state=42)"
178,0.7278186274509804,0.08537856306369579,"DecisionTreeClassifier(ccp_alpha=0.0009619552510000169, criterion='entropy',
                       max_depth=5, max_leaf_nodes=50, min_samples_leaf=10,
                       random_state=42)"
179,0.7105902777777777,0.10484196605202352,"DecisionTreeClassifier(ccp_alpha=1e-10, criterion='entropy', max_depth=5,
                       max_leaf_nodes=200, min_samples_leaf=10,
                       min_samples_split=28, random_state=42)"
180,0.7145424836601307,0.10569276491180077,"DecisionTreeClassifier(ccp_alpha=0.0007584896460983826, max_depth=139,
                       max_leaf_nodes=133, min_samples_leaf=10,
                       min_samples_split=30, random_state=42)"
181,0.7116441993464052,0.10123655446638317,"DecisionTreeClassifier(ccp_alpha=9.701409527307902e-09, max_depth=15,
                       max_leaf_nodes=65, min_samples_leaf=10,
                       min_samples_split=30, random_state=42)"
182,0.711609477124183,0.11255449278536278,"DecisionTreeClassifier(ccp_alpha=4.637660994995569e-09, criterion='entropy',
                       max_depth=5, max_leaf_nodes=104, min_samples_leaf=10,
                       min_samples_split=26, random_state=42)"
183,0.7211397058823529,0.10779674781192622,"DecisionTreeClassifier(ccp_alpha=1e-10, max_depth=20, max_leaf_nodes=50,
                       min_samples_leaf=10, min_samples_split=26,
                       random_state=42)"
184,0.7096078431372549,0.10641307691294041,"DecisionTreeClassifier(ccp_alpha=7.026827464378799e-08, max_depth=18,
                       max_leaf_nodes=82, min_samples_leaf=4,
                       min_samples_split=29, random_state=42)"
185,0.6956597222222222,0.12751114785661616,"DecisionTreeClassifier(ccp_alpha=6.010799484855513e-05, criterion='entropy',
                       max_depth=5, max_leaf_nodes=92, min_samples_leaf=10,
                       min_samples_split=30, random_state=42)"
186,0.6969812091503268,0.12919408865289506,"DecisionTreeClassifier(ccp_alpha=5.448456871979895e-07, criterion='entropy',
                       max_depth=5, max_leaf_nodes=52, min_samples_leaf=10,
                       min_samples_split=30, random_state=42)"
187,0.7002083333333333,0.12963215554084384,"DecisionTreeClassifier(ccp_alpha=2.552189721008633e-09, criterion='entropy',
                       max_depth=5, max_leaf_nodes=191, min_samples_leaf=10,
                       min_samples_split=30, random_state=42)"
188,0.7202205882352942,0.1085893809303627,"DecisionTreeClassifier(ccp_alpha=1e-10, criterion='entropy', max_depth=5,
                       max_leaf_nodes=50, min_samples_leaf=10,
                       min_samples_split=16, random_state=42)"
189,0.72140727124183,0.12373467848568495,"DecisionTreeClassifier(ccp_alpha=0.039112239300627454, criterion='entropy',
                       max_depth=44, max_leaf_nodes=85, min_samples_leaf=10,
                       min_samples_split=30, random_state=42)"
190,0.7184477124183006,0.11356385360931295,"DecisionTreeClassifier(ccp_alpha=0.01884498559168031, criterion='entropy',
                       max_depth=5, max_leaf_nodes=50, min_samples_leaf=10,
                       min_samples_split=28, random_state=42)"
191,0.7068116830065359,0.11555556366036265,"DecisionTreeClassifier(ccp_alpha=0.001876190826299866, criterion='entropy',
                       max_depth=5, max_leaf_nodes=50, min_samples_leaf=10,
                       min_samples_split=30, random_state=42)"
192,0.7110927287581699,0.11974222085256134,"DecisionTreeClassifier(ccp_alpha=0.036785160606993786, criterion='entropy',
                       max_depth=150, max_leaf_nodes=50, min_samples_leaf=10,
                       min_samples_split=30, random_state=42)"
193,0.7095955882352941,0.10998513584636616,"DecisionTreeClassifier(ccp_alpha=2.5703861904107517e-07, criterion='entropy',
                       max_depth=5, max_leaf_nodes=92, min_samples_leaf=10,
                       random_state=42)"
194,0.7147834967320261,0.11550008478127365,"DecisionTreeClassifier(ccp_alpha=1e-10, criterion='entropy', max_depth=72,
                       max_leaf_nodes=50, min_samples_leaf=10,
                       min_samples_split=23, random_state=42)"
195,0.7120669934640522,0.11775728456787006,"DecisionTreeClassifier(ccp_alpha=6.874777659368426e-08, criterion='entropy',
                       max_depth=5, max_leaf_nodes=59, min_samples_leaf=10,
                       min_samples_split=8, random_state=42)"
196,0.7093586601307189,0.11499188876407558,"DecisionTreeClassifier(ccp_alpha=3.019178204905936e-09, criterion='entropy',
                       max_depth=5, max_leaf_nodes=113, min_samples_leaf=10,
                       min_samples_split=30, random_state=42)"
197,0.7113112745098038,0.11389193418545097,"DecisionTreeClassifier(ccp_alpha=6.91015806404797e-10, criterion='entropy',
                       max_depth=5, max_leaf_nodes=200, min_samples_leaf=10,
                       random_state=42)"
198,0.7068218954248366,0.12629689743641095,"DecisionTreeClassifier(ccp_alpha=1.9558273190490933e-06, criterion='entropy',
                       max_depth=64, max_leaf_nodes=146, min_samples_leaf=10,
                       min_samples_split=29, random_state=42)"
199,0.7155126633986928,0.11124416880532051,"DecisionTreeClassifier(ccp_alpha=0.0008835599498855849, criterion='entropy',
                       max_depth=5, max_leaf_nodes=50, min_samples_leaf=10,
                       min_samples_split=28, random_state=42)"
200,0.7109885620915033,0.1118269410081998,"DecisionTreeClassifier(ccp_alpha=2.897147281418556e-07, criterion='entropy',
                       max_depth=62, max_leaf_nodes=80, min_samples_leaf=10,
                       min_samples_split=28, random_state=42)"
201,0.7127348856209149,0.1131924326243866,"DecisionTreeClassifier(ccp_alpha=1.7007614590744264e-09, criterion='entropy',
                       max_depth=5, max_leaf_nodes=151, min_samples_leaf=10,
                       min_samples_split=29, random_state=42)"
202,0.7103104575163399,0.1129702054395651,"DecisionTreeClassifier(ccp_alpha=0.0002949140761101934, criterion='entropy',
                       max_depth=5, max_leaf_nodes=200, min_samples_leaf=10,
                       random_state=42)"
203,0.7186172385620915,0.12044261392119392,"DecisionTreeClassifier(ccp_alpha=0.0009415601364302366, criterion='entropy',
                       max_depth=5, max_leaf_nodes=191, min_samples_leaf=10,
                       min_samples_split=26, random_state=42)"
204,0.7166299019607842,0.11212151490237635,"DecisionTreeClassifier(ccp_alpha=0.00118296678639469, criterion='entropy',
                       max_depth=5, max_leaf_nodes=50, min_samples_leaf=10,
                       random_state=42)"
205,0.7045445261437908,0.1139854524657243,"DecisionTreeClassifier(ccp_alpha=0.0009922318578437367, criterion='entropy',
                       max_depth=101, max_leaf_nodes=129, min_samples_leaf=10,
                       min_samples_split=30, random_state=42)"
206,0.7090522875816992,0.11488258576339382,"DecisionTreeClassifier(ccp_alpha=2.5460561640985682e-08, criterion='entropy',
                       max_depth=5, max_leaf_nodes=114, min_samples_leaf=10,
                       min_samples_split=30, random_state=42)"
207,0.7124019607843136,0.11505203992608289,"DecisionTreeClassifier(ccp_alpha=3.928152725448134e-09, criterion='entropy',
                       max_depth=5, max_leaf_nodes=50, min_samples_leaf=10,
                       min_samples_split=30, random_state=42)"
208,0.7215032679738562,0.12229718705398869,"DecisionTreeClassifier(ccp_alpha=2.475974403381602e-07, criterion='entropy',
                       max_depth=103, max_leaf_nodes=144, min_samples_leaf=8,
                       min_samples_split=25, random_state=42)"
209,0.7147834967320261,0.11163287218147504,"DecisionTreeClassifier(ccp_alpha=2.6853116631605885e-09, criterion='entropy',
                       max_depth=49, max_leaf_nodes=88, min_samples_leaf=10,
                       min_samples_split=26, random_state=42)"
210,0.714859068627451,0.11842860681194789,"DecisionTreeClassifier(ccp_alpha=2.819066374830055e-07, criterion='entropy',
                       max_depth=72, max_leaf_nodes=87, min_samples_leaf=10,
                       min_samples_split=26, random_state=42)"
211,0.7124019607843138,0.11209798216046087,"DecisionTreeClassifier(ccp_alpha=0.00010120892142731876, criterion='entropy',
                       max_depth=70, max_leaf_nodes=181, min_samples_leaf=10,
                       min_samples_split=25, random_state=42)"
212,0.7078839869281046,0.1139247439246207,"DecisionTreeClassifier(ccp_alpha=4.2259677433583765e-06, criterion='entropy',
                       max_depth=73, max_leaf_nodes=112, min_samples_leaf=10,
                       min_samples_split=28, random_state=42)"
213,0.7102941176470589,0.12263035835533717,"DecisionTreeClassifier(ccp_alpha=1.8825227441693785e-05, criterion='entropy',
                       max_depth=115, max_leaf_nodes=158, min_samples_leaf=8,
                       min_samples_split=25, random_state=42)"
214,0.7113705065359477,0.12472788864438504,"DecisionTreeClassifier(ccp_alpha=4.369288350903712e-08, criterion='entropy',
                       max_depth=79, max_leaf_nodes=164, min_samples_leaf=8,
                       min_samples_split=25, random_state=42)"
215,0.7100551470588236,0.11724878546851725,"DecisionTreeClassifier(ccp_alpha=0.0012674508585649544, criterion='entropy',
                       max_depth=5, max_leaf_nodes=200, min_samples_leaf=10,
                       min_samples_split=5, random_state=42)"
216,0.7054227941176471,0.11665054282223371,"DecisionTreeClassifier(ccp_alpha=1e-10, criterion='entropy', max_depth=5,
                       max_leaf_nodes=50, min_samples_leaf=10,
                       min_samples_split=30, random_state=42)"
217,0.7202491830065358,0.11318884247559387,"DecisionTreeClassifier(ccp_alpha=1.0802211278552744e-09, criterion='entropy',
                       max_depth=118, max_leaf_nodes=69, min_samples_leaf=10,
                       min_samples_split=26, random_state=42)"
218,0.7144260620915033,0.12845411786837807,"DecisionTreeClassifier(ccp_alpha=3.230824361824754e-07, max_depth=49,
                       max_leaf_nodes=147, min_samples_leaf=6,
                       min_samples_split=6, random_state=42)"
219,0.7094873366013073,0.11419261149375659,"DecisionTreeClassifier(ccp_alpha=0.004679787724767109, criterion='entropy',
                       max_depth=5, max_leaf_nodes=200, min_samples_leaf=10,
                       min_samples_split=29, random_state=42)"
220,0.715514705882353,0.11731920008122239,"DecisionTreeClassifier(ccp_alpha=0.016126023951195445, criterion='entropy',
                       max_depth=5, max_leaf_nodes=166, min_samples_leaf=10,
                       min_samples_split=3, random_state=42)"
221,0.7108047385620915,0.1253689198610949,"DecisionTreeClassifier(ccp_alpha=1.3365303127677757e-05, criterion='entropy',
                       max_depth=149, max_leaf_nodes=197, min_samples_leaf=10,
                       min_samples_split=29, random_state=42)"
222,0.7084089052287581,0.11359571992995628,"DecisionTreeClassifier(ccp_alpha=0.005836024993692382, criterion='entropy',
                       max_depth=77, max_leaf_nodes=176, min_samples_leaf=10,
                       min_samples_split=25, random_state=42)"
223,0.7066482843137255,0.12129510022720777,"DecisionTreeClassifier(ccp_alpha=1.419586482256826e-05, criterion='entropy',
                       max_depth=5, max_leaf_nodes=200, min_samples_leaf=10,
                       random_state=42)"
224,0.7178880718954248,0.11190965279244366,"DecisionTreeClassifier(ccp_alpha=0.010104696204508665, criterion='entropy',
                       max_depth=118, max_leaf_nodes=132, min_samples_leaf=10,
                       min_samples_split=27, random_state=42)"
225,0.7123059640522875,0.1193802472602485,"DecisionTreeClassifier(ccp_alpha=0.006423433534537273, criterion='entropy',
                       max_depth=5, max_leaf_nodes=157, min_samples_leaf=10,
                       min_samples_split=30, random_state=42)"
226,0.7098508986928104,0.11414212734972225,"DecisionTreeClassifier(ccp_alpha=0.006531793843749177, criterion='entropy',
                       max_depth=150, max_leaf_nodes=200, min_samples_leaf=10,
                       min_samples_split=28, random_state=42)"
227,0.7093872549019609,0.1150087328967209,"DecisionTreeClassifier(ccp_alpha=1e-10, criterion='entropy', max_depth=5,
                       max_leaf_nodes=145, min_samples_leaf=10,
                       min_samples_split=9, random_state=42)"
228,0.7134946895424836,0.11698971208728083,"DecisionTreeClassifier(ccp_alpha=0.0011022705592550696, criterion='entropy',
                       max_depth=5, max_leaf_nodes=200, min_samples_leaf=10,
                       min_samples_split=15, random_state=42)"
229,0.7170302287581698,0.1218006335075064,"DecisionTreeClassifier(ccp_alpha=0.043687121983637715, criterion='entropy',
                       max_depth=38, max_leaf_nodes=86, min_samples_leaf=10,
                       min_samples_split=29, random_state=42)"
230,0.7138623366013072,0.13252062500186357,"DecisionTreeClassifier(ccp_alpha=1.8825227441693785e-05, criterion='entropy',
                       max_depth=115, max_leaf_nodes=158, min_samples_leaf=8,
                       min_samples_split=25, random_state=42)"
231,0.7131638071895423,0.11477746014690797,"DecisionTreeClassifier(ccp_alpha=2.6552968885594353e-05, criterion='entropy',
                       max_depth=5, max_leaf_nodes=78, min_samples_leaf=10,
                       min_samples_split=30, random_state=42)"
232,0.71421977124183,0.1185894457640123,"DecisionTreeClassifier(ccp_alpha=3.5462279223842495e-07, criterion='entropy',
                       max_depth=5, max_leaf_nodes=200, min_samples_leaf=10,
                       min_samples_split=30, random_state=42)"
233,0.7189052287581699,0.10308823529411765,"DecisionTreeClassifier(ccp_alpha=0.00012920934689907506, max_depth=90,
                       max_leaf_nodes=81, min_samples_leaf=5,
                       min_samples_split=30, random_state=42)"
234,0.7085273692810456,0.11526161165628909,"DecisionTreeClassifier(ccp_alpha=1e-10, criterion='entropy', max_depth=5,
                       max_leaf_nodes=50, min_samples_leaf=10,
                       min_samples_split=30, random_state=42)"
235,0.7180596405228759,0.11492953369211814,"DecisionTreeClassifier(ccp_alpha=0.00024357483387704015, criterion='entropy',
                       max_depth=5, max_leaf_nodes=91, min_samples_leaf=10,
                       min_samples_split=29, random_state=42)"
236,0.706421568627451,0.060694877738664166,"DecisionTreeClassifier(ccp_alpha=0.0036141429680426693, max_depth=137,
                       max_leaf_nodes=108, min_samples_leaf=4,
                       min_samples_split=25, random_state=42)"
237,0.7238807189542483,0.08504614752516812,"DecisionTreeClassifier(ccp_alpha=1e-10, max_depth=150, max_leaf_nodes=200,
                       min_samples_leaf=5, min_samples_split=26,
                       random_state=42)"
238,0.7108925653594771,0.10681517573514107,"DecisionTreeClassifier(ccp_alpha=6.088993276788312e-07, max_depth=88,
                       max_leaf_nodes=166, min_samples_leaf=5,
                       min_samples_split=30, random_state=42)"
239,0.6990522875816993,0.13805801768250303,"DecisionTreeClassifier(ccp_alpha=1.895531350103001e-08, criterion='entropy',
                       max_depth=5, max_leaf_nodes=50, random_state=42)"
240,0.7049632352941175,0.09537699980356881,"DecisionTreeClassifier(ccp_alpha=1e-10, max_depth=48, max_leaf_nodes=200,
                       min_samples_leaf=5, min_samples_split=30,
                       random_state=42)"
241,0.6934558823529411,0.10580371932621403,"DecisionTreeClassifier(ccp_alpha=1.997264871516661e-05, criterion='entropy',
                       max_depth=5, max_leaf_nodes=200, min_samples_leaf=10,
                       min_samples_split=30, random_state=42)"
242,0.6966768790849673,0.12997025750219776,"DecisionTreeClassifier(ccp_alpha=1.3030191851279741e-05, max_depth=137,
                       max_leaf_nodes=102, min_samples_leaf=6,
                       min_samples_split=28, random_state=42)"
243,0.698174019607843,0.10574276378563745,"DecisionTreeClassifier(ccp_alpha=1.4647530752527548e-09, max_depth=8,
                       max_leaf_nodes=160, min_samples_leaf=5,
                       min_samples_split=30, random_state=42)"
244,0.7226736111111111,0.05542048866377997,"DecisionTreeClassifier(ccp_alpha=0.0036141429680426693, max_depth=137,
                       max_leaf_nodes=108, min_samples_leaf=4,
                       min_samples_split=25, random_state=42)"
245,0.7073631535947713,0.08490574419364205,"DecisionTreeClassifier(ccp_alpha=2.4041980911167802e-08, max_depth=150,
                       max_leaf_nodes=50, min_samples_leaf=5,
                       min_samples_split=21, random_state=42)"
246,0.7319485294117648,0.09430354304270959,"DecisionTreeClassifier(ccp_alpha=2.0961746485753174e-06, max_depth=26,
                       max_leaf_nodes=143, min_samples_leaf=5,
                       min_samples_split=29, random_state=42)"
247,0.7037111928104575,0.14196427987579938,"DecisionTreeClassifier(ccp_alpha=1.744940909365023e-06, max_depth=56,
                       max_leaf_nodes=149, min_samples_leaf=6,
                       min_samples_split=27, random_state=42)"
248,0.7305392156862744,0.08217908210894122,"DecisionTreeClassifier(ccp_alpha=4.97946008787941e-06, max_depth=65,
                       max_leaf_nodes=133, min_samples_leaf=5,
                       min_samples_split=24, random_state=42)"
249,0.7076511437908496,0.08797485250230391,"DecisionTreeClassifier(ccp_alpha=0.003018485903766561, max_depth=119,
                       max_leaf_nodes=56, min_samples_leaf=5,
                       min_samples_split=28, random_state=42)"
250,0.7202389705882354,0.09321212861686484,"DecisionTreeClassifier(ccp_alpha=8.64393738672429e-07, max_depth=150,
                       max_leaf_nodes=200, min_samples_leaf=5,
                       min_samples_split=21, random_state=42)"
251,0.700735294117647,0.10727161516991715,"DecisionTreeClassifier(ccp_alpha=0.001047303662191311, max_depth=144,
                       max_leaf_nodes=141, min_samples_leaf=5,
                       min_samples_split=30, random_state=42)"
252,0.7144750816993464,0.10058276764054808,"DecisionTreeClassifier(ccp_alpha=3.519359213122235e-06, max_depth=73,
                       max_leaf_nodes=95, min_samples_leaf=5,
                       min_samples_split=30, random_state=42)"
253,0.7067933006535948,0.1213751692575359,"DecisionTreeClassifier(ccp_alpha=3.2811139792410397e-10, max_depth=11,
                       max_leaf_nodes=144, min_samples_leaf=6,
                       min_samples_split=24, random_state=42)"
254,0.701170343137255,0.09346744537785022,"DecisionTreeClassifier(ccp_alpha=1.512676415252742e-09, criterion='entropy',
                       max_depth=5, max_leaf_nodes=77, min_samples_split=27,
                       random_state=42)"
255,0.7133435457516341,0.09377299138617776,"DecisionTreeClassifier(ccp_alpha=0.00015283126734059286, criterion='entropy',
                       max_depth=5, max_leaf_nodes=126, min_samples_split=18,
                       random_state=42)"
256,0.7282863562091503,0.09442397871839826,"DecisionTreeClassifier(ccp_alpha=8.71429845206891e-07, max_depth=142,
                       max_leaf_nodes=188, min_samples_leaf=5,
                       min_samples_split=30, random_state=42)"
